<?xml version="1.0" ?>
<LOG_ROOT>
	<PROJECT NAME="exp9">
		<CBX_INST_ENTRY INSTANCE_NAME="|exp9|exp9RAM:inst2|altsyncram:altsyncram_component" CBX_FILE_NAME="altsyncram_sup3.tdf"/>
		<CBX_INST_ENTRY INSTANCE_NAME="|exp9|exp9RAM:inst4|altsyncram:altsyncram_component" CBX_FILE_NAME="altsyncram_sup3.tdf"/>
		<CBX_INST_ENTRY INSTANCE_NAME="|exp9|exp9RAM:inst6|altsyncram:altsyncram_component" CBX_FILE_NAME="altsyncram_sup3.tdf"/>
		<CBX_INST_ENTRY INSTANCE_NAME="|exp9|exp9RAM:inst|altsyncram:altsyncram_component" CBX_FILE_NAME="altsyncram_sup3.tdf"/>
		<CBX_INST_ENTRY INSTANCE_NAME="|exp9|exp9RAM:inst1|altsyncram:altsyncram_component" CBX_FILE_NAME="altsyncram_sup3.tdf"/>
		<CBX_INST_ENTRY INSTANCE_NAME="|exp9|exp9RAM:inst3|altsyncram:altsyncram_component" CBX_FILE_NAME="altsyncram_sup3.tdf"/>
		<CBX_INST_ENTRY INSTANCE_NAME="|exp9|exp9RAM:inst5|altsyncram:altsyncram_component" CBX_FILE_NAME="altsyncram_sup3.tdf"/>
		<CBX_INST_ENTRY INSTANCE_NAME="|exp9|exp9RAM:inst7|altsyncram:altsyncram_component" CBX_FILE_NAME="altsyncram_sup3.tdf"/>
	</PROJECT>
</LOG_ROOT>
